{"mean": [198.5, 167.5, 15.729722792607802, 6.397843942505133, 2019.843429158111], "scale": [10.965856099730654, 6.34428877022476, 8.800235642096235, 3.4226320479727796, 3.0832266204133223]}